"일활동",1,1,2,3,4,5,6,7,8,9,10,11,12,13,14,15,
A,,,,,,,,,,,,,,,,,[셀 읽기 실패]
[셀 읽기 실패],,,,,,,,,,,,,,,,[셀 읽기 실패],[셀 읽기 실패]
[셀 읽기 실패],,,,,,,,,,,,,,,,,[셀 읽기 실패]
B,,,,,,,,,,,,,,,,,[셀 읽기 실패]
[셀 읽기 실패],,,,,,,,,,,,,,,,,[셀 읽기 실패]
[셀 읽기 실패],,,,,,,,,,,,,,,,,[셀 읽기 실패]
C,,,,,,,,,,,,,,,,,[셀 읽기 실패]
[셀 읽기 실패],,,,,,,,,,,,,,,,,[셀 읽기 실패]
[셀 읽기 실패],,,,,,,,,,,,,,,,,[셀 읽기 실패]
D,,,,,,,,,,,,,,,,,[셀 읽기 실패]
[셀 읽기 실패],,,,,,,,,,,,,,,,,[셀 읽기 실패]
[셀 읽기 실패],,,,,,,,,,,,,,,,,[셀 읽기 실패]
E,,,,,,,,,,,,,,,,,[셀 읽기 실패]
[셀 읽기 실패],,,,,,,,,,,,,,,,,[셀 읽기 실패]
[셀 읽기 실패],,,,,,,,,,,,,,,,,[셀 읽기 실패]
F,,,,,,,,,,,,,,,,,[셀 읽기 실패]
[셀 읽기 실패],,,,,,,,,,,,,,,,,[셀 읽기 실패]
[셀 읽기 실패],,,,,,,,,,,,,,,,,[셀 읽기 실패]
G,,,,,,,,,,,,,,,,,[셀 읽기 실패]
[셀 읽기 실패],,,,,,,,,,,,,,,,,[셀 읽기 실패]
[셀 읽기 실패],,,,,,,,,,,,,,,,,[셀 읽기 실패]
H,,,,,,,,,,,,,,,,,[셀 읽기 실패]
[셀 읽기 실패],,,,,,,,,,,,,,,,,[셀 읽기 실패]
[셀 읽기 실패],,,,,,,,,,,,,,,,,[셀 읽기 실패]
,,,,,검토일,,,,,,,,"최단  완료일",[셀 읽기 실패],[셀 읽기 실패],[셀 읽기 실패],[셀 읽기 실패]
,,,,,,,,,,,,계획,,,,[셀 읽기 실패],[셀 읽기 실패]
[셀 읽기 실패],[셀 읽기 실패],[셀 읽기 실패],[셀 읽기 실패],[셀 읽기 실패],[셀 읽기 실패],[셀 읽기 실패],[셀 읽기 실패],[셀 읽기 실패],[셀 읽기 실패],[셀 읽기 실패],,[셀 읽기 실패],[셀 읽기 실패],[셀 읽기 실패],[셀 읽기 실패],[셀 읽기 실패],[셀 읽기 실패]
[셀 읽기 실패],[셀 읽기 실패],[셀 읽기 실패],[셀 읽기 실패],[셀 읽기 실패],[셀 읽기 실패],[셀 읽기 실패],[셀 읽기 실패],[셀 읽기 실패],[셀 읽기 실패],[셀 읽기 실패],,[셀 읽기 실패],[셀 읽기 실패],[셀 읽기 실패],[셀 읽기 실패],[셀 읽기 실패],[셀 읽기 실패]
,,,,,,,,,,,,진척,,,,[셀 읽기 실패],[셀 읽기 실패]
[셀 읽기 실패],[셀 읽기 실패],[셀 읽기 실패],[셀 읽기 실패],[셀 읽기 실패],[셀 읽기 실패],[셀 읽기 실패],[셀 읽기 실패],[셀 읽기 실패],[셀 읽기 실패],[셀 읽기 실패],,[셀 읽기 실패],[셀 읽기 실패],[셀 읽기 실패],[셀 읽기 실패],[셀 읽기 실패],[셀 읽기 실패]
[셀 읽기 실패],[셀 읽기 실패],[셀 읽기 실패],[셀 읽기 실패],[셀 읽기 실패],[셀 읽기 실패],[셀 읽기 실패],[셀 읽기 실패],[셀 읽기 실패],[셀 읽기 실패],[셀 읽기 실패],,[셀 읽기 실패],[셀 읽기 실패],[셀 읽기 실패],[셀 읽기 실패],[셀 읽기 실패],[셀 읽기 실패]
